[{"model": "admin.logentry", "pk": 1, "fields": {"action_time": "2023-01-25T09:31:04.736Z", "user": 1, "content_type": 8, "object_id": "2", "object_repr": "Novotel Amsterdam Airport", "action_flag": 2, "change_message": "[{\"changed\": {\"fields\": [\"Image\", \"Description\", \"Price\"]}}, {\"added\": {\"name\": \"room\", \"object\": \"Single\"}}, {\"added\": {\"name\": \"room\", \"object\": \"Double\"}}, {\"added\": {\"name\": \"room\", \"object\": \"Family\"}}]"}}, {"model": "admin.logentry", "pk": 2, "fields": {"action_time": "2023-01-25T09:32:19.041Z", "user": 1, "content_type": 8, "object_id": "1", "object_repr": "Ibis Amsterdam Airport", "action_flag": 2, "change_message": "[{\"changed\": {\"fields\": [\"Image\", \"Description\", \"Price\"]}}, {\"added\": {\"name\": \"room\", \"object\": \"Single\"}}, {\"added\": {\"name\": \"room\", \"object\": \"Double\"}}, {\"added\": {\"name\": \"room\", \"object\": \"Family\"}}]"}}, {"model": "auth.permission", "pk": 1, "fields": {"name": "Can add log entry", "content_type": 1, "codename": "add_logentry"}}, {"model": "auth.permission", "pk": 2, "fields": {"name": "Can change log entry", "content_type": 1, "codename": "change_logentry"}}, {"model": "auth.permission", "pk": 3, "fields": {"name": "Can delete log entry", "content_type": 1, "codename": "delete_logentry"}}, {"model": "auth.permission", "pk": 4, "fields": {"name": "Can view log entry", "content_type": 1, "codename": "view_logentry"}}, {"model": "auth.permission", "pk": 5, "fields": {"name": "Can add permission", "content_type": 2, "codename": "add_permission"}}, {"model": "auth.permission", "pk": 6, "fields": {"name": "Can change permission", "content_type": 2, "codename": "change_permission"}}, {"model": "auth.permission", "pk": 7, "fields": {"name": "Can delete permission", "content_type": 2, "codename": "delete_permission"}}, {"model": "auth.permission", "pk": 8, "fields": {"name": "Can view permission", "content_type": 2, "codename": "view_permission"}}, {"model": "auth.permission", "pk": 9, "fields": {"name": "Can add group", "content_type": 3, "codename": "add_group"}}, {"model": "auth.permission", "pk": 10, "fields": {"name": "Can change group", "content_type": 3, "codename": "change_group"}}, {"model": "auth.permission", "pk": 11, "fields": {"name": "Can delete group", "content_type": 3, "codename": "delete_group"}}, {"model": "auth.permission", "pk": 12, "fields": {"name": "Can view group", "content_type": 3, "codename": "view_group"}}, {"model": "auth.permission", "pk": 13, "fields": {"name": "Can add user", "content_type": 4, "codename": "add_user"}}, {"model": "auth.permission", "pk": 14, "fields": {"name": "Can change user", "content_type": 4, "codename": "change_user"}}, {"model": "auth.permission", "pk": 15, "fields": {"name": "Can delete user", "content_type": 4, "codename": "delete_user"}}, {"model": "auth.permission", "pk": 16, "fields": {"name": "Can view user", "content_type": 4, "codename": "view_user"}}, {"model": "auth.permission", "pk": 17, "fields": {"name": "Can add content type", "content_type": 5, "codename": "add_contenttype"}}, {"model": "auth.permission", "pk": 18, "fields": {"name": "Can change content type", "content_type": 5, "codename": "change_contenttype"}}, {"model": "auth.permission", "pk": 19, "fields": {"name": "Can delete content type", "content_type": 5, "codename": "delete_contenttype"}}, {"model": "auth.permission", "pk": 20, "fields": {"name": "Can view content type", "content_type": 5, "codename": "view_contenttype"}}, {"model": "auth.permission", "pk": 21, "fields": {"name": "Can add session", "content_type": 6, "codename": "add_session"}}, {"model": "auth.permission", "pk": 22, "fields": {"name": "Can change session", "content_type": 6, "codename": "change_session"}}, {"model": "auth.permission", "pk": 23, "fields": {"name": "Can delete session", "content_type": 6, "codename": "delete_session"}}, {"model": "auth.permission", "pk": 24, "fields": {"name": "Can view session", "content_type": 6, "codename": "view_session"}}, {"model": "auth.permission", "pk": 25, "fields": {"name": "Can add city", "content_type": 7, "codename": "add_city"}}, {"model": "auth.permission", "pk": 26, "fields": {"name": "Can change city", "content_type": 7, "codename": "change_city"}}, {"model": "auth.permission", "pk": 27, "fields": {"name": "Can delete city", "content_type": 7, "codename": "delete_city"}}, {"model": "auth.permission", "pk": 28, "fields": {"name": "Can view city", "content_type": 7, "codename": "view_city"}}, {"model": "auth.permission", "pk": 29, "fields": {"name": "Can add hotel", "content_type": 8, "codename": "add_hotel"}}, {"model": "auth.permission", "pk": 30, "fields": {"name": "Can change hotel", "content_type": 8, "codename": "change_hotel"}}, {"model": "auth.permission", "pk": 31, "fields": {"name": "Can delete hotel", "content_type": 8, "codename": "delete_hotel"}}, {"model": "auth.permission", "pk": 32, "fields": {"name": "Can view hotel", "content_type": 8, "codename": "view_hotel"}}, {"model": "auth.permission", "pk": 33, "fields": {"name": "Can add room", "content_type": 9, "codename": "add_room"}}, {"model": "auth.permission", "pk": 34, "fields": {"name": "Can change room", "content_type": 9, "codename": "change_room"}}, {"model": "auth.permission", "pk": 35, "fields": {"name": "Can delete room", "content_type": 9, "codename": "delete_room"}}, {"model": "auth.permission", "pk": 36, "fields": {"name": "Can view room", "content_type": 9, "codename": "view_room"}}, {"model": "auth.permission", "pk": 37, "fields": {"name": "Can add order", "content_type": 10, "codename": "add_order"}}, {"model": "auth.permission", "pk": 38, "fields": {"name": "Can change order", "content_type": 10, "codename": "change_order"}}, {"model": "auth.permission", "pk": 39, "fields": {"name": "Can delete order", "content_type": 10, "codename": "delete_order"}}, {"model": "auth.permission", "pk": 40, "fields": {"name": "Can view order", "content_type": 10, "codename": "view_order"}}, {"model": "auth.permission", "pk": 41, "fields": {"name": "Can add contact form", "content_type": 11, "codename": "add_contactform"}}, {"model": "auth.permission", "pk": 42, "fields": {"name": "Can change contact form", "content_type": 11, "codename": "change_contactform"}}, {"model": "auth.permission", "pk": 43, "fields": {"name": "Can delete contact form", "content_type": 11, "codename": "delete_contactform"}}, {"model": "auth.permission", "pk": 44, "fields": {"name": "Can view contact form", "content_type": 11, "codename": "view_contactform"}}, {"model": "auth.user", "pk": 1, "fields": {"password": "pbkdf2_sha256$390000$jyLQXIOHFPQmyien4dY9Hv$Iq/YdvLH3pxLIdJ2Upl8udb8Ef45HJs4Mhkm82jKi68=", "last_login": "2023-01-25T09:30:09.813Z", "is_superuser": true, "username": "erhan", "first_name": "", "last_name": "", "email": "", "is_staff": true, "is_active": true, "date_joined": "2023-01-25T09:30:04.830Z", "groups": [], "user_permissions": []}}, {"model": "contenttypes.contenttype", "pk": 1, "fields": {"app_label": "admin", "model": "logentry"}}, {"model": "contenttypes.contenttype", "pk": 2, "fields": {"app_label": "auth", "model": "permission"}}, {"model": "contenttypes.contenttype", "pk": 3, "fields": {"app_label": "auth", "model": "group"}}, {"model": "contenttypes.contenttype", "pk": 4, "fields": {"app_label": "auth", "model": "user"}}, {"model": "contenttypes.contenttype", "pk": 5, "fields": {"app_label": "contenttypes", "model": "contenttype"}}, {"model": "contenttypes.contenttype", "pk": 6, "fields": {"app_label": "sessions", "model": "session"}}, {"model": "contenttypes.contenttype", "pk": 7, "fields": {"app_label": "base", "model": "city"}}, {"model": "contenttypes.contenttype", "pk": 8, "fields": {"app_label": "base", "model": "hotel"}}, {"model": "contenttypes.contenttype", "pk": 9, "fields": {"app_label": "base", "model": "room"}}, {"model": "contenttypes.contenttype", "pk": 10, "fields": {"app_label": "base", "model": "order"}}, {"model": "contenttypes.contenttype", "pk": 11, "fields": {"app_label": "form", "model": "contactform"}}, {"model": "sessions.session", "pk": "9r34rg9tqzsivteecoe6en6axb7g0qpz", "fields": {"session_data": ".eJxVjMsOwiAURP-FtSFcKC-X7v0GcuGCVA1NSrsy_ruSdKG7yZwz82IB962Gvec1zMTODNjpt4uYHrkNQHdst4WnpW3rHPlQ-EE7vy6Un5fD_Tuo2Ot3bQGy07o4JSYxZTOCNRYoeQmqaFA2I3otXPRWIJRiQSsiWYjASGTvD7DtNxI:1pKc6b:lYRygz5ZgA_ZDGolqRgWg9daEaLjmX9wKlRgM1r2vf8", "expire_date": "2023-02-08T09:30:09.817Z"}}, {"model": "base.city", "pk": 1, "fields": {"city_id": "AMS", "name": "Amsterdam"}}, {"model": "base.city", "pk": 2, "fields": {"city_id": "ANT", "name": "Antwerpen"}}, {"model": "base.city", "pk": 3, "fields": {"city_id": "ATH", "name": "Athene"}}, {"model": "base.city", "pk": 4, "fields": {"city_id": "BAK", "name": "Bangkok"}}, {"model": "base.city", "pk": 5, "fields": {"city_id": "BAR", "name": "Barcelona"}}, {"model": "base.city", "pk": 6, "fields": {"city_id": "BER", "name": "Berlijn"}}, {"model": "base.hotel", "pk": 1, "fields": {"city": 1, "hotel_id": "AMS01", "name": "Ibis Amsterdam Airport", "image": "hotel_img/hotelibis_3zwAjcz.jpg", "description": "Het Ibis Amsterdam Airport biedt een gratis pendeldienst van en naar de luchthaven Schiphol. Dit hotel beschikt over een gratis fitnessruimte, een meeneemservice die 24 uur per dag geopend, is en er wordt een uitgebreid ontbijt geserveerd van 04:00 tot 12:00.\r\n\r\nDe moderne kamers van het Ibis Schiphol Amsterdam Airport zijn uitgerust met een flatscreen-tv met satellietkanalen. De kamers zijn verder voorzien van een eigen badkamer met gratis zeep en shampoo.", "price": "60.00", "is_available": true}}, {"model": "base.hotel", "pk": 2, "fields": {"city": 1, "hotel_id": "AMS02", "name": "Novotel Amsterdam Airport", "image": "hotel_img/novotel_QqrPCpu.jpg", "description": "Het nieuwe Novotel Amsterdam Schiphol Airport ligt op 200 meter van station Hoofddorp, en biedt directe treinverbindingen met luchthaven Schiphol, het centrum van Amsterdam en nog veel hoogtepunten uit de regio. Je kunt gratis gebruikmaken van WiFi in het gehele hotel.\r\n\r\nElke moderne kamer is uitgerust met een flatscreen-tv, airconditioning en een kluisje. De eigen badkamer beschikt over een inloop-regendouche of een bad. Je vindt er tevens koffie- en theefaciliteiten en een kleine koelkast voor privégebruik, of voor producten die je bij de Food Wall op de begane grond hebt gekocht.", "price": "30.00", "is_available": true}}, {"model": "base.hotel", "pk": 3, "fields": {"city": 2, "hotel_id": "ANT01", "name": "Express by Holiday Inn", "image": "", "description": "", "price": "0.00", "is_available": true}}, {"model": "base.hotel", "pk": 4, "fields": {"city": 2, "hotel_id": "ANT02", "name": "Eden", "image": "", "description": "", "price": "0.00", "is_available": true}}, {"model": "base.hotel", "pk": 5, "fields": {"city": 2, "hotel_id": "ANT04", "name": "Astoria", "image": "", "description": "", "price": "0.00", "is_available": true}}, {"model": "base.hotel", "pk": 6, "fields": {"city": 2, "hotel_id": "ANT05", "name": "Golden Tulip Antwerp Centre", "image": "", "description": "", "price": "0.00", "is_available": true}}, {"model": "base.hotel", "pk": 7, "fields": {"city": 2, "hotel_id": "ANT06", "name": "Residence", "image": "", "description": "", "price": "0.00", "is_available": true}}, {"model": "base.hotel", "pk": 8, "fields": {"city": 2, "hotel_id": "ANT07", "name": "Carlton", "image": "", "description": "", "price": "0.00", "is_available": true}}, {"model": "base.hotel", "pk": 9, "fields": {"city": 2, "hotel_id": "ANT08", "name": "Park Plaza Astrid Antwerp", "image": "", "description": "", "price": "0.00", "is_available": true}}, {"model": "base.hotel", "pk": 10, "fields": {"city": 2, "hotel_id": "ANT09", "name": "Antwerp Diamond", "image": "", "description": "", "price": "0.00", "is_available": true}}, {"model": "base.hotel", "pk": 11, "fields": {"city": 2, "hotel_id": "ANT10", "name": "Ramada Plaza", "image": "", "description": "", "price": "0.00", "is_available": true}}, {"model": "base.hotel", "pk": 12, "fields": {"city": 2, "hotel_id": "ANT11", "name": "Agora", "image": "", "description": "", "price": "0.00", "is_available": true}}, {"model": "base.hotel", "pk": 13, "fields": {"city": 2, "hotel_id": "ANT12", "name": "Radisson SAS Park Lane", "image": "", "description": "", "price": "0.00", "is_available": true}}, {"model": "base.hotel", "pk": 14, "fields": {"city": 2, "hotel_id": "ANT13", "name": "Tourist", "image": "", "description": "", "price": "0.00", "is_available": true}}, {"model": "base.hotel", "pk": 15, "fields": {"city": 2, "hotel_id": "ANT14", "name": "Ibis Antwerpen Centrum", "image": "", "description": "", "price": "0.00", "is_available": true}}, {"model": "base.hotel", "pk": 16, "fields": {"city": 2, "hotel_id": "ANT77", "name": "Carlton", "image": "", "description": "", "price": "0.00", "is_available": true}}, {"model": "base.hotel", "pk": 17, "fields": {"city": 2, "hotel_id": "ANT78", "name": "Astoria", "image": "", "description": "", "price": "0.00", "is_available": true}}, {"model": "base.hotel", "pk": 18, "fields": {"city": 2, "hotel_id": "ANT79", "name": "Carlton", "image": "", "description": "", "price": "0.00", "is_available": true}}, {"model": "base.hotel", "pk": 19, "fields": {"city": 2, "hotel_id": "ANT89", "name": "Express by Holiday Inn", "image": "", "description": "", "price": "0.00", "is_available": true}}, {"model": "base.hotel", "pk": 20, "fields": {"city": 2, "hotel_id": "ANT90", "name": "Ramada Plaza", "image": "", "description": "", "price": "0.00", "is_available": true}}, {"model": "base.hotel", "pk": 21, "fields": {"city": 2, "hotel_id": "ANT92", "name": "Express by Holiday Inn", "image": "", "description": "", "price": "0.00", "is_available": true}}, {"model": "base.hotel", "pk": 22, "fields": {"city": 2, "hotel_id": "ANT93", "name": "Carlton", "image": "", "description": "", "price": "0.00", "is_available": true}}, {"model": "base.hotel", "pk": 23, "fields": {"city": 2, "hotel_id": "ANT94", "name": "Corinthia Antwerp", "image": "", "description": "", "price": "0.00", "is_available": true}}, {"model": "base.hotel", "pk": 24, "fields": {"city": 2, "hotel_id": "ANT95", "name": "Corinthia Antwerp", "image": "", "description": "", "price": "0.00", "is_available": true}}, {"model": "base.hotel", "pk": 25, "fields": {"city": 2, "hotel_id": "ANT96", "name": "Express by Holiday Inn", "image": "", "description": "", "price": "0.00", "is_available": true}}, {"model": "base.hotel", "pk": 26, "fields": {"city": 2, "hotel_id": "ANT97", "name": "Astoria", "image": "", "description": "", "price": "0.00", "is_available": true}}, {"model": "base.hotel", "pk": 27, "fields": {"city": 2, "hotel_id": "ANT98", "name": "Express by Holiday Inn", "image": "", "description": "", "price": "0.00", "is_available": true}}, {"model": "base.hotel", "pk": 28, "fields": {"city": 2, "hotel_id": "ANT99", "name": "Express by Holiday Inn", "image": "", "description": "", "price": "0.00", "is_available": true}}, {"model": "base.hotel", "pk": 29, "fields": {"city": 3, "hotel_id": "ATH01", "name": "Evripides", "image": "", "description": "", "price": "0.00", "is_available": true}}, {"model": "base.hotel", "pk": 30, "fields": {"city": 3, "hotel_id": "ATH02", "name": "Amaryllis", "image": "", "description": "", "price": "0.00", "is_available": true}}, {"model": "base.hotel", "pk": 31, "fields": {"city": 3, "hotel_id": "ATH03", "name": "Amaryllis Inn", "image": "", "description": "", "price": "0.00", "is_available": true}}, {"model": "base.hotel", "pk": 32, "fields": {"city": 3, "hotel_id": "ATH04", "name": "Apollo", "image": "", "description": "", "price": "0.00", "is_available": true}}, {"model": "base.hotel", "pk": 33, "fields": {"city": 3, "hotel_id": "ATH05", "name": "Esperia Palace", "image": "", "description": "", "price": "0.00", "is_available": true}}, {"model": "base.hotel", "pk": 34, "fields": {"city": 3, "hotel_id": "ATH06", "name": "Fresh", "image": "", "description": "", "price": "0.00", "is_available": true}}, {"model": "base.hotel", "pk": 35, "fields": {"city": 3, "hotel_id": "ATH07", "name": "Dorian Inn", "image": "", "description": "", "price": "0.00", "is_available": true}}, {"model": "base.hotel", "pk": 36, "fields": {"city": 3, "hotel_id": "ATH08", "name": "Candia", "image": "", "description": "", "price": "0.00", "is_available": true}}, {"model": "base.hotel", "pk": 37, "fields": {"city": 3, "hotel_id": "ATH10", "name": "Stanley", "image": "", "description": "", "price": "0.00", "is_available": true}}, {"model": "base.hotel", "pk": 38, "fields": {"city": 3, "hotel_id": "ATH14", "name": "St. George Lycabettus", "image": "", "description": "", "price": "0.00", "is_available": true}}, {"model": "base.hotel", "pk": 39, "fields": {"city": 4, "hotel_id": "BAK20", "name": "Narai", "image": "", "description": "", "price": "0.00", "is_available": true}}, {"model": "base.hotel", "pk": 40, "fields": {"city": 4, "hotel_id": "BAK21", "name": "Windsor Suites", "image": "", "description": "", "price": "0.00", "is_available": true}}, {"model": "base.hotel", "pk": 41, "fields": {"city": 4, "hotel_id": "BAK22", "name": "Swissotel Nai Lert Park Bangkok", "image": "", "description": "", "price": "0.00", "is_available": true}}, {"model": "base.hotel", "pk": 42, "fields": {"city": 4, "hotel_id": "BAK23", "name": "Holiday Inn Silom", "image": "", "description": "", "price": "0.00", "is_available": true}}, {"model": "base.hotel", "pk": 43, "fields": {"city": 4, "hotel_id": "BAK24", "name": "Triple Two Silom (222)", "image": "", "description": "", "price": "0.00", "is_available": true}}, {"model": "base.hotel", "pk": 44, "fields": {"city": 4, "hotel_id": "BAK25", "name": "Millennium Hilton Bangkok", "image": "", "description": "", "price": "0.00", "is_available": true}}, {"model": "base.hotel", "pk": 45, "fields": {"city": 4, "hotel_id": "BAK31", "name": "Windsor Suites", "image": "", "description": "", "price": "0.00", "is_available": true}}, {"model": "base.hotel", "pk": 46, "fields": {"city": 4, "hotel_id": "BAK70", "name": "Narai", "image": "", "description": "", "price": "0.00", "is_available": true}}, {"model": "base.hotel", "pk": 47, "fields": {"city": 4, "hotel_id": "BAK71", "name": "Windsor Suites", "image": "", "description": "", "price": "0.00", "is_available": true}}, {"model": "base.hotel", "pk": 48, "fields": {"city": 4, "hotel_id": "BAK72", "name": "Swissotel Nai Lert Park Bangkok", "image": "", "description": "", "price": "0.00", "is_available": true}}, {"model": "base.hotel", "pk": 49, "fields": {"city": 4, "hotel_id": "BAK73", "name": "Holiday Inn Silom", "image": "", "description": "", "price": "0.00", "is_available": true}}, {"model": "base.hotel", "pk": 50, "fields": {"city": 4, "hotel_id": "BAK74", "name": "Triple Two Silom (222)", "image": "", "description": "", "price": "0.00", "is_available": true}}, {"model": "base.hotel", "pk": 51, "fields": {"city": 4, "hotel_id": "BAK75", "name": "Millennium Hilton Bangkok", "image": "", "description": "", "price": "0.00", "is_available": true}}, {"model": "base.hotel", "pk": 52, "fields": {"city": 4, "hotel_id": "BAK81", "name": "Windsor Suites", "image": "", "description": "", "price": "0.00", "is_available": true}}, {"model": "base.hotel", "pk": 53, "fields": {"city": 5, "hotel_id": "BAR01", "name": "Rialto", "image": "", "description": "", "price": "0.00", "is_available": true}}, {"model": "base.hotel", "pk": 54, "fields": {"city": 5, "hotel_id": "BAR02", "name": "Adagio", "image": "", "description": "", "price": "0.00", "is_available": true}}, {"model": "base.hotel", "pk": 55, "fields": {"city": 5, "hotel_id": "BAR03", "name": "Comercio", "image": "", "description": "", "price": "0.00", "is_available": true}}, {"model": "base.hotel", "pk": 56, "fields": {"city": 5, "hotel_id": "BAR04", "name": "AutoHogar", "image": "", "description": "", "price": "0.00", "is_available": true}}, {"model": "base.hotel", "pk": 57, "fields": {"city": 5, "hotel_id": "BAR05", "name": "Arc la Rambla", "image": "", "description": "", "price": "0.00", "is_available": true}}, {"model": "base.hotel", "pk": 58, "fields": {"city": 5, "hotel_id": "BAR06", "name": "Catalonia Aragon", "image": "", "description": "", "price": "0.00", "is_available": true}}, {"model": "base.hotel", "pk": 59, "fields": {"city": 5, "hotel_id": "BAR07", "name": "Borne", "image": "", "description": "", "price": "0.00", "is_available": true}}, {"model": "base.hotel", "pk": 60, "fields": {"city": 5, "hotel_id": "BAR08", "name": "Santa Marta", "image": "", "description": "", "price": "0.00", "is_available": true}}, {"model": "base.hotel", "pk": 61, "fields": {"city": 5, "hotel_id": "BAR09", "name": "Expo", "image": "", "description": "", "price": "0.00", "is_available": true}}, {"model": "base.hotel", "pk": 62, "fields": {"city": 5, "hotel_id": "BAR10", "name": "Junior", "image": "", "description": "", "price": "0.00", "is_available": true}}, {"model": "base.hotel", "pk": 63, "fields": {"city": 5, "hotel_id": "BAR11", "name": "Amrey Diagonal", "image": "", "description": "", "price": "0.00", "is_available": true}}, {"model": "base.hotel", "pk": 64, "fields": {"city": 5, "hotel_id": "BAR12", "name": "Principal", "image": "", "description": "", "price": "0.00", "is_available": true}}, {"model": "base.hotel", "pk": 65, "fields": {"city": 5, "hotel_id": "BAR13", "name": "AB Viladomat", "image": "", "description": "", "price": "0.00", "is_available": true}}, {"model": "base.hotel", "pk": 66, "fields": {"city": 5, "hotel_id": "BAR14", "name": "Front Maritim", "image": "", "description": "", "price": "0.00", "is_available": true}}, {"model": "base.hotel", "pk": 67, "fields": {"city": 5, "hotel_id": "BAR15", "name": "Citypark Nicaragua", "image": "", "description": "", "price": "0.00", "is_available": true}}, {"model": "base.hotel", "pk": 68, "fields": {"city": 5, "hotel_id": "BAR16", "name": "Catalonia Atenas", "image": "", "description": "", "price": "0.00", "is_available": true}}, {"model": "base.hotel", "pk": 69, "fields": {"city": 5, "hotel_id": "BAR17", "name": "Rege", "image": "", "description": "", "price": "0.00", "is_available": true}}, {"model": "base.hotel", "pk": 70, "fields": {"city": 5, "hotel_id": "BAR18", "name": "Decimononico/Pescateria", "image": "", "description": "", "price": "0.00", "is_available": true}}, {"model": "base.hotel", "pk": 71, "fields": {"city": 5, "hotel_id": "BAR19", "name": "Silken Concordia", "image": "", "description": "", "price": "0.00", "is_available": true}}, {"model": "base.hotel", "pk": 72, "fields": {"city": 5, "hotel_id": "BAR20", "name": "Gutenberg", "image": "", "description": "", "price": "0.00", "is_available": true}}, {"model": "base.hotel", "pk": 73, "fields": {"city": 5, "hotel_id": "BAR21", "name": "Catalonia Princesa", "image": "", "description": "", "price": "0.00", "is_available": true}}, {"model": "base.hotel", "pk": 74, "fields": {"city": 5, "hotel_id": "BAR22", "name": "Santa Monica", "image": "", "description": "", "price": "0.00", "is_available": true}}, {"model": "base.hotel", "pk": 75, "fields": {"city": 5, "hotel_id": "BAR23", "name": "Catalunya", "image": "", "description": "", "price": "0.00", "is_available": true}}, {"model": "base.hotel", "pk": 76, "fields": {"city": 5, "hotel_id": "BAR24", "name": "Medium Monegal", "image": "", "description": "", "price": "0.00", "is_available": true}}, {"model": "base.hotel", "pk": 77, "fields": {"city": 5, "hotel_id": "BAR25", "name": "Hesperia Metropol", "image": "", "description": "", "price": "0.00", "is_available": true}}, {"model": "base.hotel", "pk": 78, "fields": {"city": 5, "hotel_id": "BAR26", "name": "Torre Catalunya", "image": "", "description": "", "price": "0.00", "is_available": true}}, {"model": "base.hotel", "pk": 79, "fields": {"city": 5, "hotel_id": "BAR27", "name": "Sagrada Familia", "image": "", "description": "", "price": "0.00", "is_available": true}}, {"model": "base.hotel", "pk": 80, "fields": {"city": 5, "hotel_id": "BAR28", "name": "Del Comte", "image": "", "description": "", "price": "0.00", "is_available": true}}, {"model": "base.hotel", "pk": 81, "fields": {"city": 5, "hotel_id": "BAR29", "name": "Citypark Pelayo", "image": "", "description": "", "price": "0.00", "is_available": true}}, {"model": "base.hotel", "pk": 82, "fields": {"city": 5, "hotel_id": "BAR30", "name": "Habitat Sky", "image": "", "description": "", "price": "0.00", "is_available": true}}, {"model": "base.hotel", "pk": 83, "fields": {"city": 5, "hotel_id": "BAR31", "name": "Amister", "image": "", "description": "", "price": "0.00", "is_available": true}}, {"model": "base.hotel", "pk": 84, "fields": {"city": 5, "hotel_id": "BAR32", "name": "Acevi Villarroel", "image": "", "description": "", "price": "0.00", "is_available": true}}, {"model": "base.hotel", "pk": 85, "fields": {"city": 5, "hotel_id": "BAR33", "name": "Calabria", "image": "", "description": "", "price": "0.00", "is_available": true}}, {"model": "base.hotel", "pk": 86, "fields": {"city": 5, "hotel_id": "BAR34", "name": "Rialto", "image": "", "description": "", "price": "0.00", "is_available": true}}, {"model": "base.hotel", "pk": 87, "fields": {"city": 5, "hotel_id": "BAR35", "name": "Ramblas", "image": "", "description": "", "price": "0.00", "is_available": true}}, {"model": "base.hotel", "pk": 88, "fields": {"city": 5, "hotel_id": "BAR36", "name": "Suizo", "image": "", "description": "", "price": "0.00", "is_available": true}}, {"model": "base.hotel", "pk": 89, "fields": {"city": 5, "hotel_id": "BAR37", "name": "Principal", "image": "", "description": "", "price": "0.00", "is_available": true}}, {"model": "base.hotel", "pk": 90, "fields": {"city": 5, "hotel_id": "BAR38", "name": "H10 Marina Barcelona", "image": "", "description": "", "price": "0.00", "is_available": true}}, {"model": "base.hotel", "pk": 91, "fields": {"city": 5, "hotel_id": "BAR39", "name": "Catalonia Berna", "image": "", "description": "", "price": "0.00", "is_available": true}}, {"model": "base.hotel", "pk": 92, "fields": {"city": 5, "hotel_id": "BAR40", "name": "America", "image": "", "description": "", "price": "0.00", "is_available": true}}, {"model": "base.hotel", "pk": 93, "fields": {"city": 5, "hotel_id": "BAR41", "name": "Icaria", "image": "", "description": "", "price": "0.00", "is_available": true}}, {"model": "base.hotel", "pk": 94, "fields": {"city": 5, "hotel_id": "BAR42", "name": "Park", "image": "", "description": "", "price": "0.00", "is_available": true}}, {"model": "base.hotel", "pk": 95, "fields": {"city": 5, "hotel_id": "BAR43", "name": "Sansi Diputacio", "image": "", "description": "", "price": "0.00", "is_available": true}}, {"model": "base.hotel", "pk": 96, "fields": {"city": 5, "hotel_id": "BAR44", "name": "Condestable", "image": "", "description": "", "price": "0.00", "is_available": true}}, {"model": "base.hotel", "pk": 97, "fields": {"city": 5, "hotel_id": "BAR45", "name": "Confortel Almirante", "image": "", "description": "", "price": "0.00", "is_available": true}}, {"model": "base.hotel", "pk": 98, "fields": {"city": 5, "hotel_id": "BAR46", "name": "Barcelona Princess", "image": "", "description": "", "price": "0.00", "is_available": true}}, {"model": "base.hotel", "pk": 99, "fields": {"city": 5, "hotel_id": "BAR47", "name": "Catal. Duques de Bergara", "image": "", "description": "", "price": "0.00", "is_available": true}}, {"model": "base.hotel", "pk": 100, "fields": {"city": 5, "hotel_id": "BAR48", "name": "Grupotel Gravina", "image": "", "description": "", "price": "0.00", "is_available": true}}, {"model": "base.hotel", "pk": 101, "fields": {"city": 5, "hotel_id": "BAR49", "name": "Axel", "image": "", "description": "", "price": "0.00", "is_available": true}}, {"model": "base.hotel", "pk": 102, "fields": {"city": 5, "hotel_id": "BAR50", "name": "Avenida Palace", "image": "", "description": "", "price": "0.00", "is_available": true}}, {"model": "base.hotel", "pk": 103, "fields": {"city": 5, "hotel_id": "BAR51", "name": "Rivoli Ramblas", "image": "", "description": "", "price": "0.00", "is_available": true}}, {"model": "base.hotel", "pk": 104, "fields": {"city": 5, "hotel_id": "BAR52", "name": "1898", "image": "", "description": "", "price": "0.00", "is_available": true}}, {"model": "base.hotel", "pk": 105, "fields": {"city": 5, "hotel_id": "BAR53", "name": "Casa Fuster", "image": "", "description": "", "price": "0.00", "is_available": true}}, {"model": "base.hotel", "pk": 106, "fields": {"city": 5, "hotel_id": "BAR54", "name": "Adagio", "image": "", "description": "", "price": "0.00", "is_available": true}}, {"model": "base.hotel", "pk": 107, "fields": {"city": 5, "hotel_id": "BAR55", "name": "Comercio", "image": "", "description": "", "price": "0.00", "is_available": true}}, {"model": "base.hotel", "pk": 108, "fields": {"city": 5, "hotel_id": "BAR56", "name": "Catalonia Aragon", "image": "", "description": "", "price": "0.00", "is_available": true}}, {"model": "base.hotel", "pk": 109, "fields": {"city": 5, "hotel_id": "BAR57", "name": "Santa Marta", "image": "", "description": "", "price": "0.00", "is_available": true}}, {"model": "base.hotel", "pk": 110, "fields": {"city": 5, "hotel_id": "BAR58", "name": "Napols", "image": "", "description": "", "price": "0.00", "is_available": true}}, {"model": "base.hotel", "pk": 111, "fields": {"city": 5, "hotel_id": "BAR59", "name": "Catalonia Atenas", "image": "", "description": "", "price": "0.00", "is_available": true}}, {"model": "base.hotel", "pk": 112, "fields": {"city": 5, "hotel_id": "BAR60", "name": "Catalonia Princesa", "image": "", "description": "", "price": "0.00", "is_available": true}}, {"model": "base.hotel", "pk": 113, "fields": {"city": 5, "hotel_id": "BAR61", "name": "Rialto", "image": "", "description": "", "price": "0.00", "is_available": true}}, {"model": "base.hotel", "pk": 114, "fields": {"city": 5, "hotel_id": "BAR62", "name": "Ramblas", "image": "", "description": "", "price": "0.00", "is_available": true}}, {"model": "base.hotel", "pk": 115, "fields": {"city": 5, "hotel_id": "BAR63", "name": "Catalonia Berna", "image": "", "description": "", "price": "0.00", "is_available": true}}, {"model": "base.hotel", "pk": 116, "fields": {"city": 5, "hotel_id": "BAR64", "name": "Cristal Palace", "image": "", "description": "", "price": "0.00", "is_available": true}}, {"model": "base.hotel", "pk": 117, "fields": {"city": 5, "hotel_id": "BAR65", "name": "Grand Marina", "image": "", "description": "", "price": "0.00", "is_available": true}}, {"model": "base.hotel", "pk": 118, "fields": {"city": 5, "hotel_id": "BAR66", "name": "AB Skipper", "image": "", "description": "", "price": "0.00", "is_available": true}}, {"model": "base.hotel", "pk": 119, "fields": {"city": 5, "hotel_id": "BAR67", "name": "Abrevadero", "image": "", "description": "", "price": "0.00", "is_available": true}}, {"model": "base.hotel", "pk": 120, "fields": {"city": 5, "hotel_id": "BAR68", "name": "Transit", "image": "", "description": "", "price": "0.00", "is_available": true}}, {"model": "base.hotel", "pk": 121, "fields": {"city": 5, "hotel_id": "BAR69", "name": "Barcelona Ramblas", "image": "", "description": "", "price": "0.00", "is_available": true}}, {"model": "base.hotel", "pk": 122, "fields": {"city": 5, "hotel_id": "BAR70", "name": "Glories", "image": "", "description": "", "price": "0.00", "is_available": true}}, {"model": "base.hotel", "pk": 123, "fields": {"city": 5, "hotel_id": "BAR71", "name": "Avinyo", "image": "", "description": "", "price": "0.00", "is_available": true}}, {"model": "base.hotel", "pk": 124, "fields": {"city": 5, "hotel_id": "BAR72", "name": "California", "image": "", "description": "", "price": "0.00", "is_available": true}}, {"model": "base.hotel", "pk": 125, "fields": {"city": 5, "hotel_id": "BAR73", "name": "Guardia", "image": "", "description": "", "price": "0.00", "is_available": true}}, {"model": "base.hotel", "pk": 126, "fields": {"city": 5, "hotel_id": "BAR74", "name": "Del Mar", "image": "", "description": "", "price": "0.00", "is_available": true}}, {"model": "base.hotel", "pk": 127, "fields": {"city": 5, "hotel_id": "BAR75", "name": "Tryp Apolo", "image": "", "description": "", "price": "0.00", "is_available": true}}, {"model": "base.hotel", "pk": 128, "fields": {"city": 5, "hotel_id": "BAR76", "name": "H10 Montcada", "image": "", "description": "", "price": "0.00", "is_available": true}}, {"model": "base.hotel", "pk": 129, "fields": {"city": 5, "hotel_id": "BAR77", "name": "Gotico", "image": "", "description": "", "price": "0.00", "is_available": true}}, {"model": "base.hotel", "pk": 130, "fields": {"city": 5, "hotel_id": "BAR78", "name": "Gran Barcino", "image": "", "description": "", "price": "0.00", "is_available": true}}, {"model": "base.hotel", "pk": 131, "fields": {"city": 5, "hotel_id": "BAR79", "name": "Condes de Barcelona", "image": "", "description": "", "price": "0.00", "is_available": true}}, {"model": "base.hotel", "pk": 132, "fields": {"city": 5, "hotel_id": "BAR80", "name": "Corders", "image": "", "description": "", "price": "0.00", "is_available": true}}, {"model": "base.hotel", "pk": 133, "fields": {"city": 5, "hotel_id": "BAR81", "name": "Tiradors", "image": "", "description": "", "price": "0.00", "is_available": true}}, {"model": "base.hotel", "pk": 134, "fields": {"city": 5, "hotel_id": "BAR82", "name": "Confortel Auditori", "image": "", "description": "", "price": "0.00", "is_available": true}}, {"model": "base.hotel", "pk": 135, "fields": {"city": 5, "hotel_id": "BAR83", "name": "Gran Ronda", "image": "", "description": "", "price": "0.00", "is_available": true}}, {"model": "base.hotel", "pk": 136, "fields": {"city": 5, "hotel_id": "BAR84", "name": "Catalonia Ramblas", "image": "", "description": "", "price": "0.00", "is_available": true}}, {"model": "base.hotel", "pk": 137, "fields": {"city": 5, "hotel_id": "BAR85", "name": "Catalonia Albinoni", "image": "", "description": "", "price": "0.00", "is_available": true}}, {"model": "base.hotel", "pk": 138, "fields": {"city": 5, "hotel_id": "BAR86", "name": "Expo", "image": "", "description": "", "price": "0.00", "is_available": true}}, {"model": "base.hotel", "pk": 139, "fields": {"city": 5, "hotel_id": "BAR87", "name": "Calabria", "image": "", "description": "", "price": "0.00", "is_available": true}}, {"model": "base.hotel", "pk": 140, "fields": {"city": 5, "hotel_id": "BAR88", "name": "Almirante Confortel", "image": "", "description": "", "price": "0.00", "is_available": true}}, {"model": "base.hotel", "pk": 141, "fields": {"city": 5, "hotel_id": "BAR89", "name": "Evenia Rocafort", "image": "", "description": "", "price": "0.00", "is_available": true}}, {"model": "base.hotel", "pk": 142, "fields": {"city": 5, "hotel_id": "BAR90", "name": "Avinyo", "image": "", "description": "", "price": "0.00", "is_available": true}}, {"model": "base.hotel", "pk": 143, "fields": {"city": 5, "hotel_id": "BAR91", "name": "Espana", "image": "", "description": "", "price": "0.00", "is_available": true}}, {"model": "base.hotel", "pk": 144, "fields": {"city": 5, "hotel_id": "BAR92", "name": "Marina", "image": "", "description": "", "price": "0.00", "is_available": true}}, {"model": "base.hotel", "pk": 145, "fields": {"city": 5, "hotel_id": "BAR93", "name": "Amrey Sant Pau", "image": "", "description": "", "price": "0.00", "is_available": true}}, {"model": "base.hotel", "pk": 146, "fields": {"city": 5, "hotel_id": "BAR94", "name": "Barcelona Center", "image": "", "description": "", "price": "0.00", "is_available": true}}, {"model": "base.hotel", "pk": 147, "fields": {"city": 5, "hotel_id": "BAR95", "name": "Lami", "image": "", "description": "", "price": "0.00", "is_available": true}}, {"model": "base.hotel", "pk": 148, "fields": {"city": 5, "hotel_id": "BAR96", "name": "Ciutat de Barcelona", "image": "", "description": "", "price": "0.00", "is_available": true}}, {"model": "base.hotel", "pk": 149, "fields": {"city": 5, "hotel_id": "BAR97", "name": "Bel Art", "image": "", "description": "", "price": "0.00", "is_available": true}}, {"model": "base.hotel", "pk": 150, "fields": {"city": 5, "hotel_id": "BAR98", "name": "Barcelona Catedral", "image": "", "description": "", "price": "0.00", "is_available": true}}, {"model": "base.hotel", "pk": 151, "fields": {"city": 5, "hotel_id": "BAR99", "name": "Aston", "image": "", "description": "", "price": "0.00", "is_available": true}}, {"model": "base.hotel", "pk": 152, "fields": {"city": 5, "hotel_id": "BARA1", "name": "Nouvel", "image": "", "description": "", "price": "0.00", "is_available": true}}, {"model": "base.hotel", "pk": 153, "fields": {"city": 5, "hotel_id": "BARA2", "name": "Lleo", "image": "", "description": "", "price": "0.00", "is_available": true}}, {"model": "base.hotel", "pk": 154, "fields": {"city": 5, "hotel_id": "BARA3", "name": "Santa Marta", "image": "", "description": "", "price": "0.00", "is_available": true}}, {"model": "base.hotel", "pk": 155, "fields": {"city": 5, "hotel_id": "BARA4", "name": "Avinyo", "image": "", "description": "", "price": "0.00", "is_available": true}}, {"model": "base.hotel", "pk": 156, "fields": {"city": 5, "hotel_id": "BARA5", "name": "Rialto", "image": "", "description": "", "price": "0.00", "is_available": true}}, {"model": "base.hotel", "pk": 157, "fields": {"city": 5, "hotel_id": "BARA6", "name": "H10 Universitat", "image": "", "description": "", "price": "0.00", "is_available": true}}, {"model": "base.hotel", "pk": 158, "fields": {"city": 5, "hotel_id": "BARA7", "name": "Del Mar", "image": "", "description": "", "price": "0.00", "is_available": true}}, {"model": "base.hotel", "pk": 159, "fields": {"city": 5, "hotel_id": "BARA8", "name": "Majestic", "image": "", "description": "", "price": "0.00", "is_available": true}}, {"model": "base.hotel", "pk": 160, "fields": {"city": 5, "hotel_id": "BARA9", "name": "H10 Raco del Pi", "image": "", "description": "", "price": "0.00", "is_available": true}}, {"model": "base.hotel", "pk": 161, "fields": {"city": 5, "hotel_id": "BARB1", "name": "NH Duc de la Victoria", "image": "", "description": "", "price": "0.00", "is_available": true}}, {"model": "base.hotel", "pk": 162, "fields": {"city": 5, "hotel_id": "BARB2", "name": "Colon", "image": "", "description": "", "price": "0.00", "is_available": true}}, {"model": "base.hotel", "pk": 163, "fields": {"city": 5, "hotel_id": "BARB3", "name": "Arago 565", "image": "", "description": "", "price": "0.00", "is_available": true}}, {"model": "base.hotel", "pk": 164, "fields": {"city": 5, "hotel_id": "BARB4", "name": "Ramblas", "image": "", "description": "", "price": "0.00", "is_available": true}}, {"model": "base.hotel", "pk": 165, "fields": {"city": 5, "hotel_id": "BARB5", "name": "NH Les Corts", "image": "", "description": "", "price": "0.00", "is_available": true}}, {"model": "base.hotel", "pk": 166, "fields": {"city": 5, "hotel_id": "BARB6", "name": "Confortel Barcelona", "image": "", "description": "", "price": "0.00", "is_available": true}}, {"model": "base.hotel", "pk": 167, "fields": {"city": 5, "hotel_id": "BARB7", "name": "AB Viladomat", "image": "", "description": "", "price": "0.00", "is_available": true}}, {"model": "base.hotel", "pk": 168, "fields": {"city": 5, "hotel_id": "BARB8", "name": "Residencia Erasmus Gracia", "image": "", "description": "", "price": "0.00", "is_available": true}}, {"model": "base.hotel", "pk": 169, "fields": {"city": 5, "hotel_id": "BARB9", "name": "Petit Palace Museum", "image": "", "description": "", "price": "0.00", "is_available": true}}, {"model": "base.hotel", "pk": 170, "fields": {"city": 5, "hotel_id": "BARC7", "name": "FC Barcelona-Real in 3*", "image": "", "description": "", "price": "0.00", "is_available": true}}, {"model": "base.hotel", "pk": 171, "fields": {"city": 6, "hotel_id": "BER01", "name": "Quality City-East", "image": "", "description": "", "price": "0.00", "is_available": true}}, {"model": "base.hotel", "pk": 172, "fields": {"city": 6, "hotel_id": "BER02", "name": "Bogota", "image": "", "description": "", "price": "0.00", "is_available": true}}, {"model": "base.hotel", "pk": 173, "fields": {"city": 6, "hotel_id": "BER03", "name": "Agon Opera am Kurfürstendamm", "image": "", "description": "", "price": "0.00", "is_available": true}}, {"model": "base.hotel", "pk": 174, "fields": {"city": 6, "hotel_id": "BER04", "name": "Comfort Weissensee", "image": "", "description": "", "price": "0.00", "is_available": true}}, {"model": "base.hotel", "pk": 175, "fields": {"city": 6, "hotel_id": "BER05", "name": "Comfort Lichtenberg", "image": "", "description": "", "price": "0.00", "is_available": true}}, {"model": "base.hotel", "pk": 176, "fields": {"city": 6, "hotel_id": "BER06", "name": "City Amaryl", "image": "", "description": "", "price": "0.00", "is_available": true}}, {"model": "base.hotel", "pk": 177, "fields": {"city": 6, "hotel_id": "BER07", "name": "Park Inn Alexanderplatz", "image": "", "description": "", "price": "0.00", "is_available": true}}, {"model": "base.hotel", "pk": 178, "fields": {"city": 6, "hotel_id": "BER08", "name": "Novotel Dorint am Tiergarten", "image": "", "description": "", "price": "0.00", "is_available": true}}, {"model": "base.hotel", "pk": 179, "fields": {"city": 6, "hotel_id": "BER09", "name": "Best Western Berlin Mitte", "image": "", "description": "", "price": "0.00", "is_available": true}}, {"model": "base.hotel", "pk": 180, "fields": {"city": 6, "hotel_id": "BER10", "name": "Berlin Mark", "image": "", "description": "", "price": "0.00", "is_available": true}}, {"model": "base.hotel", "pk": 181, "fields": {"city": 6, "hotel_id": "BER11", "name": "Sorat Ambassador", "image": "", "description": "", "price": "0.00", "is_available": true}}, {"model": "base.hotel", "pk": 182, "fields": {"city": 6, "hotel_id": "BER12", "name": "Panorama", "image": "", "description": "", "price": "0.00", "is_available": true}}, {"model": "base.hotel", "pk": 183, "fields": {"city": 6, "hotel_id": "BER13", "name": "Melia Berlin", "image": "", "description": "", "price": "0.00", "is_available": true}}, {"model": "base.hotel", "pk": 184, "fields": {"city": 6, "hotel_id": "BER14", "name": "Art'Otel Kudamm", "image": "", "description": "", "price": "0.00", "is_available": true}}, {"model": "base.hotel", "pk": 185, "fields": {"city": 6, "hotel_id": "BER15", "name": "Lindenberger Hof", "image": "", "description": "", "price": "0.00", "is_available": true}}, {"model": "base.hotel", "pk": 186, "fields": {"city": 6, "hotel_id": "BER16", "name": "Ramada Plaza", "image": "", "description": "", "price": "0.00", "is_available": true}}, {"model": "base.hotel", "pk": 187, "fields": {"city": 6, "hotel_id": "BER17", "name": "Innside Premium", "image": "", "description": "", "price": "0.00", "is_available": true}}, {"model": "base.hotel", "pk": 188, "fields": {"city": 6, "hotel_id": "BER18", "name": "Metropolitan Hansa", "image": "", "description": "", "price": "0.00", "is_available": true}}, {"model": "base.hotel", "pk": 189, "fields": {"city": 6, "hotel_id": "BER19", "name": "Ellington", "image": "", "description": "", "price": "0.00", "is_available": true}}, {"model": "base.hotel", "pk": 190, "fields": {"city": 6, "hotel_id": "BER20", "name": "Winter's Berlin", "image": "", "description": "", "price": "0.00", "is_available": true}}, {"model": "base.hotel", "pk": 191, "fields": {"city": 6, "hotel_id": "BER21", "name": "Estrel", "image": "", "description": "", "price": "0.00", "is_available": true}}, {"model": "base.hotel", "pk": 192, "fields": {"city": 6, "hotel_id": "BER22", "name": "Citadines", "image": "", "description": "", "price": "0.00", "is_available": true}}, {"model": "base.hotel", "pk": 193, "fields": {"city": 6, "hotel_id": "BER23", "name": "Villa Kastania", "image": "", "description": "", "price": "0.00", "is_available": true}}, {"model": "base.hotel", "pk": 194, "fields": {"city": 6, "hotel_id": "BER24", "name": "Domicil", "image": "", "description": "", "price": "0.00", "is_available": true}}, {"model": "base.hotel", "pk": 195, "fields": {"city": 6, "hotel_id": "BER25", "name": "Holiday Inn Berlin City East", "image": "", "description": "", "price": "0.00", "is_available": true}}, {"model": "base.hotel", "pk": 196, "fields": {"city": 6, "hotel_id": "BER26", "name": "Winter's Berlin", "image": "", "description": "", "price": "0.00", "is_available": true}}, {"model": "base.room", "pk": 1, "fields": {"hotel": 2, "image": "room_img/istockphoto-1213885014-612x612_m5AUDlR.jpg", "price": "30.00", "description": "SIngle", "is_available": true, "room_type": "Single"}}, {"model": "base.room", "pk": 2, "fields": {"hotel": 2, "image": "room_img/istockphoto-627892060-612x612_gBSlSiK.jpg", "price": "40.00", "description": "Double", "is_available": true, "room_type": "Double"}}, {"model": "base.room", "pk": 3, "fields": {"hotel": 2, "image": "room_img/168289_WHotel-203000-London_IMG_05_0000jpeg_tBhBJ4C.jpg", "price": "50.00", "description": "Family", "is_available": true, "room_type": "Family"}}, {"model": "base.room", "pk": 4, "fields": {"hotel": 1, "image": "room_img/istockphoto-1213885014-612x612_nRH3kwD.jpg", "price": "60.00", "description": "Single", "is_available": true, "room_type": "Single"}}, {"model": "base.room", "pk": 5, "fields": {"hotel": 1, "image": "room_img/istockphoto-627892060-612x612_j9T4wk3.jpg", "price": "70.00", "description": "Double", "is_available": true, "room_type": "Double"}}, {"model": "base.room", "pk": 6, "fields": {"hotel": 1, "image": "room_img/168289_WHotel-203000-London_IMG_05_0000jpeg_xCsekV6.jpg", "price": "80.00", "description": "Family", "is_available": true, "room_type": "Family"}}]